{
  "project_info": {
    "project_number": "243614738071",
    "project_id": "event-management-685da",
    "storage_bucket": "event-management-685da.appspot.com"
  },
  "client": [
    {
      "client_info": {
        "mobilesdk_app_id": "1:243614738071:android:c058cac81a0a3ae5372bd2",
        "android_client_info": {
          "package_name": "com.event"
        }
      },
      "oauth_client": [
        {
          "client_id": "243614738071-pfnmlrmcr6e11tsnsfk7ov6atl4v3sea.apps.googleusercontent.com",
          "client_type": 3
        }
      ],
      "api_key": [
        {
          "current_key": "AIzaSyC1XfuBqUsa6GLYxcxDpe3klvttxrTntnk"
        }
      ],
      "services": {
        "appinvite_service": {
          "other_platform_oauth_client": [
            {
              "client_id": "243614738071-pfnmlrmcr6e11tsnsfk7ov6atl4v3sea.apps.googleusercontent.com",
              "client_type": 3
            }
          ]
        }
      }
    }
  ],
  "configuration_version": "1"
}